{
  "IcoMoonType": "selection",
  "icons": [
    {
      "icon": {
        "paths": [
          "M1243.429 146.286v731.429c0 80.791-65.494 146.286-146.286 146.286h-950.857c-80.791 0-146.286-65.494-146.286-146.286v-731.429c0-80.791 65.494-146.286 146.286-146.286l950.857-0c80.791-0 146.286 65.494 146.286 146.286z",
          "M886.495 502.067v0c1.346 1.284 2.414 2.823 3.145 4.531 0.731 1.704 1.108 3.544 1.108 5.398 0 1.858-0.377 3.697-1.108 5.402-0.731 1.708-1.799 3.248-3.145 4.528v0.004l-356.674 339.84c-2.553 2.432-5.939 3.789-9.465 3.789-3.467 0-6.802-1.313-9.337-3.668l-0.197-0.197 0.004-0.004-0.34-0.325c-1.093-1.039-1.968-2.293-2.567-3.686-0.596-1.39-0.903-2.885-0.903-4.4s0.307-3.010 0.903-4.4c0.6-1.39 1.474-2.644 2.567-3.686l0.018-0.015 349.773-333.111-349.791-333.261c-1.093-1.042-1.968-2.296-2.567-3.686-0.596-1.39-0.903-2.887-0.903-4.4s0.307-3.010 0.903-4.4c0.6-1.39 1.474-2.645 2.567-3.687l0.007 0.004 0.329-0.331 0.197-0.197c2.534-2.357 5.87-3.67 9.337-3.67 3.525 0 6.912 1.356 9.465 3.788l0.004 0.003 356.67 339.839z"
        ],
        "attrs": [
          {
            "fill": "rgb(255, 255, 255)"
          },
          {
            "fill": "rgb(255, 255, 255)",
            "stroke": "rgb(44, 44, 44)",
            "strokeLinejoin": "miter",
            "strokeLinecap": "butt",
            "strokeMiterlimit": "4",
            "strokeWidth": 36.57142857142857
          }
        ],
        "width": 1243,
        "isMulticolor": false,
        "isMulticolor2": true,
        "grid": 0,
        "tags": [
          "ep_arrow-up"
        ],
        "colorPermutations": {
          "25525525514444441": [
            {
              "f": 1
            },
            {
              "f": 1,
              "s": 0
            }
          ]
        }
      },
      "attrs": [
        {
          "fill": "rgb(255, 255, 255)"
        },
        {
          "fill": "rgb(255, 255, 255)",
          "stroke": "rgb(44, 44, 44)",
          "strokeLinejoin": "miter",
          "strokeLinecap": "butt",
          "strokeMiterlimit": "4",
          "strokeWidth": 36.57142857142857
        }
      ],
      "properties": {
        "order": 26,
        "id": 1,
        "name": "ep_arrow-up",
        "prevSize": 32
      },
      "setIdx": 0,
      "setId": 3,
      "iconIdx": 0
    },
    {
      "icon": {
        "paths": [
          "M0 877.714l0-731.429c0-80.791 65.494-146.286 146.286-146.286l950.857 0c80.791 0 146.286 65.494 146.286 146.286v731.429c0 80.791-65.494 146.286-146.286 146.286h-950.857c-80.791 0-146.286-65.494-146.286-146.286z",
          "M356.933 521.933h-0c-1.344-1.284-2.414-2.823-3.146-4.531-0.731-1.704-1.108-3.544-1.108-5.398 0-1.858 0.377-3.697 1.108-5.402 0.731-1.708 1.802-3.248 3.146-4.528l0-0.004 356.674-339.841c2.553-2.431 5.939-3.788 9.465-3.788 3.467 0 6.802 1.312 9.337 3.669l0.197 0.197-0.004 0.004 0.34 0.323c1.093 1.042 1.968 2.296 2.567 3.686 0.596 1.39 0.903 2.887 0.903 4.4s-0.307 3.010-0.903 4.4c-0.6 1.39-1.474 2.645-2.567 3.687l-0.018 0.015-349.773 333.11 349.791 333.261c1.093 1.042 1.968 2.297 2.567 3.686 0.596 1.39 0.903 2.889 0.903 4.4 0 1.514-0.307 3.010-0.903 4.403-0.6 1.39-1.474 2.644-2.567 3.686l-0.007-0.007-0.329 0.333-0.197 0.197c-2.534 2.355-5.87 3.668-9.337 3.668-3.525 0-6.912-1.357-9.465-3.785l-0.004-0.004-356.671-339.84z"
        ],
        "attrs": [
          {
            "fill": "rgb(255, 255, 255)"
          },
          {
            "fill": "rgb(255, 255, 255)",
            "stroke": "rgb(44, 44, 44)",
            "strokeLinejoin": "miter",
            "strokeLinecap": "butt",
            "strokeMiterlimit": "4",
            "strokeWidth": 36.57142857142857
          }
        ],
        "width": 1243,
        "isMulticolor": false,
        "isMulticolor2": true,
        "grid": 0,
        "tags": [
          "ep_arrow-up"
        ],
        "colorPermutations": {
          "25525525514444441": [
            {
              "f": 1
            },
            {
              "f": 1,
              "s": 0
            }
          ]
        }
      },
      "attrs": [
        {
          "fill": "rgb(255, 255, 255)"
        },
        {
          "fill": "rgb(255, 255, 255)",
          "stroke": "rgb(44, 44, 44)",
          "strokeLinejoin": "miter",
          "strokeLinecap": "butt",
          "strokeMiterlimit": "4",
          "strokeWidth": 36.57142857142857
        }
      ],
      "properties": {
        "order": 25,
        "id": 0,
        "name": "ep_arrow-up1",
        "prevSize": 32
      },
      "setIdx": 0,
      "setId": 3,
      "iconIdx": 1
    },
    {
      "icon": {
        "paths": [
          "M35.369 524.642h-0c-1.711-1.634-3.073-3.593-4.004-5.767-0.931-2.169-1.411-4.51-1.411-6.87 0-2.365 0.48-4.706 1.411-6.875 0.931-2.174 2.293-4.133 4.004-5.762l0-0.005 453.949-432.525c3.249-3.094 7.559-4.821 12.046-4.821 4.413 0 8.657 1.67 11.883 4.67l0.251 0.251-0.005 0.006 0.433 0.411c1.392 1.326 2.504 2.922 3.267 4.692 0.759 1.77 1.15 3.675 1.15 5.6s-0.391 3.831-1.15 5.6c-0.763 1.77-1.876 3.366-3.267 4.692l-0.023 0.020-445.165 423.958 445.189 424.15c1.392 1.327 2.504 2.923 3.267 4.692 0.759 1.769 1.15 3.677 1.15 5.599 0 1.927-0.391 3.831-1.15 5.604-0.763 1.769-1.876 3.365-3.267 4.692l-0.009-0.009-0.419 0.424-0.251 0.251c-3.226 2.998-7.471 4.669-11.883 4.669-4.487 0-8.797-1.727-12.046-4.817l-0.005-0.005-453.944-432.524z"
        ],
        "attrs": [
          {
            "fill": "rgb(255, 255, 255)",
            "strokeLinejoin": "miter",
            "strokeLinecap": "butt",
            "strokeMiterlimit": "4",
            "strokeWidth": 46.54545454545455
          }
        ],
        "width": 559,
        "isMulticolor": false,
        "isMulticolor2": false,
        "grid": 0,
        "tags": [
          "arrow-left_20-11px"
        ],
        "colorPermutations": {
          "254254254125525525514444441": [
            {
              "f": 1,
              "s": 0
            }
          ]
        }
      },
      "attrs": [
        {
          "fill": "rgb(255, 255, 255)",
          "strokeLinejoin": "miter",
          "strokeLinecap": "butt",
          "strokeMiterlimit": "4",
          "strokeWidth": 46.54545454545455
        }
      ],
      "properties": {
        "order": 11,
        "id": 7,
        "name": "arrow-left_20-11px",
        "prevSize": 32
      },
      "setIdx": 1,
      "setId": 2,
      "iconIdx": 0
    },
    {
      "icon": {
        "paths": [
          "M113.778 682.667l0-568.889c0-62.838 50.94-113.778 113.778-113.778l739.556 0c62.838 0 113.778 50.94 113.778 113.778v568.889c0 62.838-50.94 113.778-113.778 113.778l-739.556-0c-62.838 0-113.778-50.94-113.778-113.778z",
          "M391.393 405.948v0c-1.047-0.998-1.877-2.196-2.446-3.524v0c-0.569-1.326-0.862-2.756-0.862-4.198 0-1.445 0.293-2.876 0.862-4.201v0c0.569-1.328 1.399-2.526 2.446-3.521v-0.003l277.413-264.321c1.985-1.891 4.619-2.946 7.361-2.946 2.697 0 5.291 1.021 7.262 2.854l0.154 0.153-0.003 0.003 0.265 0.251c0.85 0.81 1.53 1.786 1.997 2.867 0.464 1.081 0.703 2.246 0.703 3.422s-0.239 2.341-0.703 3.422c-0.466 1.081-1.146 2.057-1.997 2.867l-0.014 0.012-272.046 259.085 272.060 259.203c0.85 0.811 1.53 1.786 1.997 2.867 0.464 1.081 0.703 2.247 0.703 3.422 0 1.178-0.239 2.341-0.703 3.425-0.466 1.081-1.146 2.057-1.997 2.867l-0.006-0.006-0.256 0.259-0.154 0.154c-1.971 1.832-4.565 2.853-7.262 2.853-2.742 0-5.376-1.055-7.361-2.944l-0.003-0.003-277.41-264.32z"
        ],
        "attrs": [
          {
            "fill": "rgb(255, 255, 255)"
          },
          {
            "fill": "rgb(255, 255, 255)",
            "stroke": "rgb(44, 44, 44)",
            "strokeLinejoin": "miter",
            "strokeLinecap": "butt",
            "strokeMiterlimit": "4",
            "strokeWidth": 28.444444444444443
          }
        ],
        "width": 1195,
        "isMulticolor": false,
        "isMulticolor2": true,
        "grid": 0,
        "tags": [
          "arrow-left_28-34px"
        ],
        "colorPermutations": {
          "254254254125525525514444441": [
            {
              "f": 1
            },
            {
              "f": 1,
              "s": 0
            }
          ]
        }
      },
      "attrs": [
        {
          "fill": "rgb(255, 255, 255)"
        },
        {
          "fill": "rgb(255, 255, 255)",
          "stroke": "rgb(44, 44, 44)",
          "strokeLinejoin": "miter",
          "strokeLinecap": "butt",
          "strokeMiterlimit": "4",
          "strokeWidth": 28.444444444444443
        }
      ],
      "properties": {
        "order": 21,
        "id": 6,
        "name": "arrow-left_28-34px",
        "prevSize": 32
      },
      "setIdx": 1,
      "setId": 2,
      "iconIdx": 1
    },
    {
      "icon": {
        "paths": [
          "M15.369 542.891l475.564 453.12c7.933 7.564 18.476 11.786 29.44 11.786 10.96 0 21.504-4.222 29.437-11.786l0.515-0.512c3.857-3.666 6.932-8.079 9.032-12.974 2.103-4.891 3.185-10.158 3.185-15.483s-1.082-10.595-3.185-15.486c-2.099-4.891-5.175-9.305-9.032-12.974l-447.831-426.667 447.831-426.495c3.857-3.667 6.932-8.081 9.032-12.973 2.103-4.892 3.185-10.161 3.185-15.485s-1.082-10.593-3.185-15.485c-2.099-4.892-5.175-9.306-9.032-12.973l-0.512-0.512c-7.936-7.564-18.48-11.784-29.44-11.784-10.964 0-21.507 4.22-29.44 11.784l-475.564 453.119c-4.182 3.987-7.512 8.779-9.787 14.087-2.275 5.311-3.448 11.028-3.448 16.804 0 5.779 1.173 11.496 3.448 16.804 2.275 5.311 5.605 10.103 9.787 14.087z"
        ],
        "attrs": [
          {}
        ],
        "width": 580,
        "isMulticolor": false,
        "isMulticolor2": false,
        "grid": 0,
        "tags": [
          "arrow-left_29-16px"
        ],
        "colorPermutations": {
          "254254254125525525514444441": [
            {}
          ]
        }
      },
      "attrs": [
        {}
      ],
      "properties": {
        "order": 13,
        "id": 5,
        "name": "arrow-left_29-16px",
        "prevSize": 32
      },
      "setIdx": 1,
      "setId": 2,
      "iconIdx": 2
    },
    {
      "icon": {
        "paths": [
          "M85.333 682.667l0-512c0-94.257 76.41-170.667 170.667-170.667h682.667c94.257 0 170.667 76.41 170.667 170.667v512c0 94.257-76.41 170.667-170.667 170.667h-682.667c-94.257 0-170.667-76.41-170.667-170.667z",
          "M372.273 445.973l297.227 283.2c4.958 4.727 11.548 7.366 18.4 7.366 6.85 0 13.44-2.639 18.398-7.366l0.322-0.32c2.411-2.291 4.333-5.050 5.645-8.109 1.314-3.057 1.99-6.349 1.99-9.677s-0.676-6.622-1.99-9.679c-1.312-3.057-3.234-5.815-5.645-8.109l-279.893-266.667 279.893-266.559c2.411-2.292 4.333-5.051 5.645-8.108 1.314-3.058 1.99-6.351 1.99-9.678s-0.676-6.62-1.99-9.678c-1.312-3.058-3.234-5.817-5.645-8.108l-0.32-0.32c-4.96-4.728-11.55-7.365-18.4-7.365-6.852 0-13.442 2.637-18.4 7.365l-297.227 283.199c-2.615 2.492-4.695 5.487-6.118 8.804-1.421 3.319-2.155 6.893-2.155 10.502 0 3.612 0.734 7.185 2.155 10.502 1.423 3.319 3.503 6.315 6.118 8.804z"
        ],
        "attrs": [
          {
            "fill": "rgb(254, 254, 254)"
          },
          {
            "fill": "rgb(44, 44, 44)"
          }
        ],
        "width": 1195,
        "isMulticolor": true,
        "isMulticolor2": false,
        "grid": 0,
        "tags": [
          "arrow-left_40-48px"
        ],
        "colorPermutations": {
          "254254254125525525514444441": [
            {
              "f": 2
            },
            {
              "f": 0
            }
          ]
        }
      },
      "attrs": [
        {
          "fill": "rgb(254, 254, 254)"
        },
        {
          "fill": "rgb(44, 44, 44)"
        }
      ],
      "properties": {
        "order": 14,
        "id": 4,
        "name": "arrow-left_40-48px",
        "prevSize": 32
      },
      "setIdx": 1,
      "setId": 2,
      "iconIdx": 3
    },
    {
      "icon": {
        "paths": [
          "M523.176 499.358v0c1.713 1.634 3.072 3.593 4.003 5.767 0.931 2.169 1.41 4.51 1.41 6.87 0 2.365-0.479 4.706-1.41 6.875-0.931 2.174-2.29 4.133-4.003 5.762v0.005l-453.95 432.524c-3.246 3.095-7.559 4.822-12.044 4.822-4.412 0-8.657-1.671-11.884-4.669l-0.251-0.251 0.005-0.005-0.433-0.414c-1.396-1.322-2.508-2.918-3.267-4.692-0.76-1.769-1.151-3.672-1.151-5.599s0.392-3.831 1.151-5.599c0.76-1.769 1.871-3.365 3.267-4.692l0.021-0.019 445.166-423.959-445.187-424.151c-1.396-1.326-2.508-2.923-3.267-4.692s-1.151-3.675-1.151-5.6c0-1.926 0.392-3.831 1.151-5.6s1.871-3.366 3.267-4.692l0.005 0.006 0.673-0.673c3.227-3 7.472-4.67 11.884-4.67 4.485 0 8.798 1.726 12.044 4.821l0.004 0.004 453.946 432.522z"
        ],
        "attrs": [
          {
            "fill": "rgb(255, 255, 255)",
            "strokeLinejoin": "miter",
            "strokeLinecap": "butt",
            "strokeMiterlimit": "4",
            "strokeWidth": 46.54545454545455
          }
        ],
        "width": 559,
        "isMulticolor": false,
        "isMulticolor2": false,
        "grid": 0,
        "tags": [
          "arrow-right_20-11px"
        ],
        "colorPermutations": {
          "254254254125525525514444441": [
            {
              "f": 1,
              "s": 0
            }
          ]
        }
      },
      "attrs": [
        {
          "fill": "rgb(255, 255, 255)",
          "strokeLinejoin": "miter",
          "strokeLinecap": "butt",
          "strokeMiterlimit": "4",
          "strokeWidth": 46.54545454545455
        }
      ],
      "properties": {
        "order": 15,
        "id": 3,
        "name": "arrow-right_20-11px",
        "prevSize": 32
      },
      "setIdx": 1,
      "setId": 2,
      "iconIdx": 4
    },
    {
      "icon": {
        "paths": [
          "M1080.889 113.778v568.889c0 62.838-50.94 113.778-113.778 113.778l-739.556 0c-62.838 0-113.778-50.94-113.778-113.778v-568.889c0-62.838 50.94-113.778 113.778-113.778l739.556-0c62.838-0 113.778 50.94 113.778 113.778z",
          "M803.274 390.497v0c1.047 0.998 1.877 2.196 2.446 3.524v0c0.569 1.326 0.862 2.756 0.862 4.198 0 1.445-0.293 2.876-0.862 4.201v0c-0.569 1.328-1.399 2.526-2.446 3.521v0.003l-277.413 264.32c-1.985 1.892-4.619 2.947-7.361 2.947-2.697 0-5.291-1.021-7.262-2.853l-0.154-0.154 0.003-0.003-0.265-0.253c-0.85-0.808-1.53-1.783-1.997-2.867-0.464-1.081-0.703-2.244-0.703-3.422s0.239-2.341 0.703-3.422c0.466-1.081 1.146-2.057 1.997-2.867l0.014-0.011 272.046-259.086-272.060-259.203c-0.85-0.81-1.53-1.786-1.997-2.867-0.464-1.081-0.703-2.246-0.703-3.422s0.239-2.341 0.703-3.422c0.466-1.081 1.146-2.057 1.997-2.867l0.006 0.003 0.256-0.257 0.154-0.154c1.971-1.833 4.565-2.854 7.262-2.854 2.742 0 5.376 1.055 7.361 2.946l0.003 0.002 277.41 264.319z"
        ],
        "attrs": [
          {
            "fill": "rgb(255, 255, 255)"
          },
          {
            "fill": "rgb(255, 255, 255)",
            "stroke": "rgb(44, 44, 44)",
            "strokeLinejoin": "miter",
            "strokeLinecap": "butt",
            "strokeMiterlimit": "4",
            "strokeWidth": 28.444444444444443
          }
        ],
        "width": 1195,
        "isMulticolor": false,
        "isMulticolor2": true,
        "grid": 0,
        "tags": [
          "arrow-right_28-34px"
        ],
        "colorPermutations": {
          "254254254125525525514444441": [
            {
              "f": 1
            },
            {
              "f": 1,
              "s": 0
            }
          ]
        }
      },
      "attrs": [
        {
          "fill": "rgb(255, 255, 255)"
        },
        {
          "fill": "rgb(255, 255, 255)",
          "stroke": "rgb(44, 44, 44)",
          "strokeLinejoin": "miter",
          "strokeLinecap": "butt",
          "strokeMiterlimit": "4",
          "strokeWidth": 28.444444444444443
        }
      ],
      "properties": {
        "order": 16,
        "id": 2,
        "name": "arrow-right_28-34px",
        "prevSize": 32
      },
      "setIdx": 1,
      "setId": 2,
      "iconIdx": 5
    },
    {
      "icon": {
        "paths": [
          "M564.896 481.109l-475.561-453.121c-7.935-7.564-18.477-11.784-29.44-11.784s-21.505 4.22-29.44 11.784l-0.512 0.512c-3.86 3.667-6.934 8.081-9.034 12.973s-3.184 10.161-3.184 15.485c0 5.324 1.083 10.593 3.184 15.485s5.174 9.306 9.034 12.973l447.828 426.668-447.828 426.496c-3.86 3.666-6.934 8.079-9.034 12.974-2.1 4.891-3.184 10.158-3.184 15.483s1.083 10.595 3.184 15.486c2.1 4.891 5.174 9.305 9.034 12.974l0.512 0.512c7.935 7.564 18.477 11.783 29.44 11.783s21.505-4.219 29.44-11.783l475.561-453.12c4.185-3.987 7.513-8.779 9.789-14.087 2.273-5.311 3.447-11.028 3.447-16.804 0-5.779-1.174-11.496-3.447-16.804-2.277-5.311-5.605-10.103-9.789-14.087z"
        ],
        "attrs": [
          {}
        ],
        "width": 580,
        "isMulticolor": false,
        "isMulticolor2": false,
        "grid": 0,
        "tags": [
          "arrow-right_29-16px"
        ],
        "colorPermutations": {
          "254254254125525525514444441": [
            {}
          ]
        }
      },
      "attrs": [
        {}
      ],
      "properties": {
        "order": 17,
        "id": 1,
        "name": "arrow-right_29-16px",
        "prevSize": 32
      },
      "setIdx": 1,
      "setId": 2,
      "iconIdx": 6
    },
    {
      "icon": {
        "paths": [
          "M1109.333 170.667v512c0 94.257-76.41 170.667-170.667 170.667h-682.667c-94.257 0-170.667-76.41-170.667-170.667v-512c0-94.257 76.41-170.667 170.667-170.667l682.667-0c94.257-0 170.667 76.41 170.667 170.667z",
          "M822.394 407.36l-297.227-283.201c-4.958-4.728-11.548-7.365-18.4-7.365-6.85 0-13.44 2.637-18.398 7.365l-0.322 0.32c-2.411 2.292-4.333 5.051-5.645 8.108-1.314 3.058-1.99 6.351-1.99 9.678s0.676 6.62 1.99 9.678c1.312 3.058 3.234 5.817 5.645 8.108l279.893 266.667-279.893 266.56c-2.411 2.291-4.333 5.050-5.645 8.109-1.314 3.057-1.99 6.349-1.99 9.677s0.676 6.622 1.99 9.679c1.312 3.057 3.234 5.815 5.645 8.109l0.32 0.32c4.96 4.727 11.55 7.364 18.4 7.364 6.852 0 13.442-2.637 18.4-7.364l297.227-283.2c2.615-2.492 4.695-5.487 6.118-8.804 1.421-3.319 2.155-6.893 2.155-10.502 0-3.612-0.734-7.185-2.155-10.502-1.423-3.319-3.503-6.315-6.118-8.804z"
        ],
        "attrs": [
          {
            "fill": "rgb(254, 254, 254)"
          },
          {
            "fill": "rgb(44, 44, 44)"
          }
        ],
        "width": 1195,
        "isMulticolor": true,
        "isMulticolor2": false,
        "grid": 0,
        "tags": [
          "arrow-right_40-48px"
        ],
        "colorPermutations": {
          "254254254125525525514444441": [
            {
              "f": 2
            },
            {
              "f": 0
            }
          ]
        }
      },
      "attrs": [
        {
          "fill": "rgb(254, 254, 254)"
        },
        {
          "fill": "rgb(44, 44, 44)"
        }
      ],
      "properties": {
        "order": 18,
        "id": 0,
        "name": "arrow-right_40-48px",
        "prevSize": 32
      },
      "setIdx": 1,
      "setId": 2,
      "iconIdx": 7
    },
    {
      "icon": {
        "paths": [
          "M612.526 515.93l341.637-341.378c11.52-13.437 17.536-30.723 16.853-48.401s-8.021-34.448-20.54-46.958c-12.518-12.51-29.295-19.838-46.993-20.521-17.69-0.683-34.987 5.33-48.435 16.838l-341.641 337.866-343.748-343.486c-13.448-11.508-30.746-17.521-48.438-16.838s-34.475 8.011-46.994 20.521c-12.519 12.51-19.853 29.28-20.537 46.958s5.334 34.963 16.851 48.4l343.046 346.998-336.016 331.545c-7.359 6.294-13.335 14.042-17.555 22.764-4.219 8.713-6.591 18.202-6.964 27.878s1.257 19.319 4.791 28.331c3.534 9.020 8.895 17.203 15.745 24.047s15.044 12.203 24.064 15.735c9.021 3.533 18.674 5.163 28.355 4.787s19.18-2.739 27.902-6.955c8.721-4.224 16.476-10.189 22.778-17.545l335.313-335.058 333.204 332.95c13.452 11.503 30.749 17.519 48.439 16.836s34.475-8.013 46.993-20.523c12.518-12.51 19.857-29.278 20.54-46.959 0.683-17.673-5.333-34.961-16.853-48.397l-331.798-329.438z"
        ],
        "attrs": [
          {}
        ],
        "isMulticolor": false,
        "isMulticolor2": false,
        "grid": 0,
        "tags": [
          "menu_closed_10px"
        ]
      },
      "attrs": [
        {}
      ],
      "properties": {
        "order": 10,
        "id": 1,
        "name": "menu_closed_10px",
        "prevSize": 32
      },
      "setIdx": 2,
      "setId": 1,
      "iconIdx": 0
    },
    {
      "icon": {
        "paths": [
          "M519.010 474.431l157.68-157.561c5.317-6.202 8.094-14.18 7.778-22.339s-3.702-15.899-9.48-21.673c-5.778-5.774-13.521-9.156-21.689-9.471-8.164-0.315-16.148 2.46-22.355 7.771l-157.68 155.94-158.653-158.534c-6.207-5.311-14.19-8.086-22.356-7.771s-15.911 3.697-21.69 9.471c-5.778 5.774-9.163 13.514-9.479 21.673s2.462 16.137 7.777 22.339l158.328 160.155-155.083 153.017c-3.396 2.907-6.155 6.483-8.102 10.508-1.947 4.021-3.042 8.401-3.214 12.867s0.58 8.917 2.211 13.076c1.631 4.163 4.105 7.94 7.267 11.099s6.944 5.632 11.107 7.263c4.163 1.631 8.619 2.383 13.087 2.209s8.852-1.264 12.878-3.21c4.025-1.95 7.604-4.703 10.513-8.097l154.759-154.644 153.789 153.671c6.207 5.309 14.19 8.086 22.355 7.771s15.911-3.698 21.689-9.472c5.778-5.774 9.165-13.513 9.48-21.673 0.315-8.157-2.462-16.136-7.778-22.339l-153.139-152.044z"
        ],
        "attrs": [
          {}
        ],
        "width": 945,
        "isMulticolor": false,
        "isMulticolor2": false,
        "grid": 0,
        "tags": [
          "menu_closed_24px"
        ]
      },
      "attrs": [
        {}
      ],
      "properties": {
        "order": 9,
        "id": 0,
        "name": "menu_closed_24px",
        "prevSize": 32
      },
      "setIdx": 2,
      "setId": 1,
      "iconIdx": 1
    },
    {
      "icon": {
        "paths": [
          "M231.467 436.269l113.068 48c12.8-25.6 26.486-50.845 41.066-75.734s30.045-48.71 46.4-71.466l-84.266-17.069-116.268 116.269zM395.734 522.669l141.866 141.866c40.534-18.49 78.579-39.466 114.134-62.934 35.555-23.466 64.355-46.221 86.4-68.266 57.6-57.6 99.91-116.621 126.931-177.066 27.024-60.445 41.6-128.712 43.734-204.801-76.090 2.133-144.355 16.711-204.8 43.733s-119.466 69.333-177.066 126.933c-22.045 22.045-44.8 50.845-68.269 86.4-23.466 35.555-44.445 73.6-62.931 114.134zM640 420.269c-14.221-14.224-21.334-31.824-21.334-52.8 0-20.979 7.114-38.579 21.334-52.801s31.821-21.333 52.8-21.333c20.979 0 38.579 7.111 52.8 21.333s21.334 31.822 21.334 52.801c0 20.976-7.114 38.576-21.334 52.8-14.221 14.221-31.821 21.331-52.8 21.331s-38.579-7.11-52.8-21.331zM624 828.8l116.266-116.266-17.066-84.266c-22.755 16.355-46.579 31.821-71.466 46.4-24.89 14.576-50.134 28.266-75.734 41.066l48 113.066zM971.734 88.534c6.4 96.711-5.69 184.889-36.269 264.534-30.576 79.645-81.066 154.666-151.466 225.066l-4.266 4.266 23.466 117.334c2.134 10.666 1.6 20.979-1.6 30.934s-8.71 18.845-16.534 26.666l-182.4 183.466-90.666-211.2-181.334-181.331-211.199-90.669 183.467-182.399c7.822-7.822 16.711-13.333 26.667-16.533s20.266-3.733 30.934-1.6l117.331 23.467c0.714-0.711 1.424-1.244 2.134-1.6s1.421-0.889 2.134-1.6c70.4-70.4 145.421-121.067 225.066-152s167.821-43.2 264.534-36.8zM190.933 677.334c24.889-24.89 55.289-37.51 91.2-37.866s66.311 11.91 91.201 36.8c24.886 24.886 37.155 55.286 36.8 91.2-0.355 35.91-12.979 66.31-37.869 91.2-18.486 18.486-47.11 33.776-85.866 45.866s-96.889 23.466-174.4 34.134c10.667-77.514 21.867-135.824 33.6-174.934s26.844-67.91 45.333-86.4zM235.733 723.2c-9.956 10.669-18.844 27.379-26.667 50.134s-14.578 51.91-20.267 87.466c35.556-5.686 64.711-12.445 87.467-20.266s39.467-16.71 50.133-26.666c13.51-12.090 20.445-27.2 20.8-45.334s-5.866-33.955-18.666-47.466c-13.512-12.8-29.334-19.024-47.468-18.669s-33.244 7.29-45.333 20.8z"
        ],
        "attrs": [
          {
            "fill": "rgb(126, 177, 1)"
          }
        ],
        "isMulticolor": false,
        "isMulticolor2": false,
        "grid": 0,
        "tags": [
          "delivery_32px"
        ],
        "colorPermutations": {
          "1261771118724348125522980125525525514444441": [
            {
              "f": 1
            }
          ]
        }
      },
      "attrs": [
        {
          "fill": "rgb(126, 177, 1)"
        }
      ],
      "properties": {
        "order": 2,
        "id": 6,
        "name": "delivery_32px",
        "prevSize": 32
      },
      "setIdx": 3,
      "setId": 0,
      "iconIdx": 0
    },
    {
      "icon": {
        "paths": [
          "M1024 512c0 282.77-229.23 512-512 512s-512-229.23-512-512c0-282.77 229.23-512 512-512s512 229.23 512 512z",
          "M303.644 461.513l75.379 32c8.533-17.067 17.658-33.897 27.377-50.49s20.030-32.474 30.933-47.644l-56.177-11.379-77.513 77.513zM413.156 519.113l94.577 94.577c27.023-12.326 52.386-26.31 76.090-41.956 23.703-15.644 42.903-30.814 57.6-45.51 38.4-38.4 66.607-77.747 84.621-118.044 18.016-40.297 27.733-85.809 29.156-136.533-50.726 1.421-96.237 11.14-136.533 29.154-40.297 18.016-79.644 46.223-118.044 84.623-14.697 14.697-29.867 33.897-45.513 57.6-15.644 23.703-29.63 49.067-41.954 76.090zM576 450.846c-9.481-9.483-14.223-21.216-14.223-35.2 0-13.986 4.742-25.719 14.223-35.2 9.481-9.483 21.214-14.223 35.2-14.223s25.719 4.74 35.2 14.223c9.481 9.481 14.223 21.214 14.223 35.2 0 13.984-4.742 25.717-14.223 35.2-9.481 9.481-21.214 14.221-35.2 14.221s-25.719-4.74-35.2-14.221zM565.333 723.2l77.51-77.51-11.377-56.177c-15.17 10.903-31.053 21.214-47.644 30.933-16.593 9.717-33.423 18.844-50.49 27.377l32 75.377zM797.156 229.69c4.267 64.474-3.793 123.26-24.179 176.356-20.384 53.097-54.044 103.11-100.977 150.044l-2.844 2.844 15.644 78.223c1.423 7.11 1.067 13.986-1.067 20.623s-5.807 12.563-11.023 17.777l-121.6 122.31-60.444-140.8-120.89-120.887-140.8-60.446 122.313-121.6c5.214-5.214 11.14-8.887 17.777-11.021s13.51-2.49 20.623-1.067l78.221 15.644c0.476-0.474 0.949-0.83 1.423-1.067s0.947-0.593 1.423-1.067c46.933-46.933 96.947-80.71 150.044-101.333s111.881-28.8 176.356-24.533v0zM276.623 622.223c16.591-16.593 36.858-25.007 60.8-25.244 23.94-0.237 44.207 7.94 60.8 24.533 16.591 16.591 24.77 36.858 24.533 60.8-0.237 23.94-8.653 44.207-25.246 60.8-12.324 12.324-31.407 22.517-57.244 30.577s-64.593 15.644-116.267 22.756c7.11-51.676 14.577-90.549 22.4-116.623s17.897-45.274 30.223-57.6v0zM306.49 652.8c-6.637 7.113-12.563 18.253-17.779 33.423-5.214 15.17-9.717 34.607-13.51 58.31 23.703-3.791 43.14-8.297 58.31-13.51s26.313-11.14 33.423-17.777c9.007-8.060 13.63-18.133 13.867-30.223s-3.91-22.637-12.444-31.644c-9.009-8.533-19.556-12.683-31.646-12.446-12.087 0.237-22.163 4.86-30.221 13.867z"
        ],
        "attrs": [
          {
            "fill": "rgb(255, 255, 255)"
          },
          {
            "fill": "rgb(126, 177, 1)"
          }
        ],
        "isMulticolor": true,
        "isMulticolor2": false,
        "grid": 0,
        "tags": [
          "delivery_48px"
        ],
        "colorPermutations": {
          "1261771118724348125522980125525525514444441": [
            {
              "f": 4
            },
            {
              "f": 1
            }
          ]
        }
      },
      "attrs": [
        {
          "fill": "rgb(255, 255, 255)"
        },
        {
          "fill": "rgb(126, 177, 1)"
        }
      ],
      "properties": {
        "order": 3,
        "id": 5,
        "name": "delivery_48px",
        "prevSize": 32
      },
      "setIdx": 3,
      "setId": 0,
      "iconIdx": 1
    },
    {
      "icon": {
        "paths": [
          "M452.559 206.58c32.339-63.438 122.748-63.438 155.089 0l40.94 80.307c12.664 24.844 36.405 42.124 63.888 46.499l88.714 14.123c70.268 11.187 98.231 97.566 47.913 148.003l-63.303 63.451c-19.71 19.757-28.8 47.781-24.452 75.386l13.98 88.724c11.095 70.41-62.074 123.764-125.458 91.485l-80.331-40.909c-24.785-12.621-54.089-12.621-78.872 0l-80.333 40.911c-63.382 32.278-136.55-21.077-125.458-91.487l13.98-88.724c4.35-27.605-4.74-55.629-24.452-75.386l-63.301-63.451c-50.319-50.438-22.355-136.816 47.913-148.003l88.714-14.123c27.481-4.376 51.222-21.656 63.888-46.499l40.94-80.307z",
          "M35.721 651.424l-0.678 0.161c0.084 2.373-0.034 11.971-0.353 28.796-0.093 16.77-0.116 27.782-0.067 33.034-0.005 5.025-0.112 9.12-0.32 12.278 0.018 3.105 0.031 6.691 0.037 10.758-0.047 3.84-0.255 6.999-0.623 9.48-0.196 2.2-0.392 4.399-0.588 6.599-0.445 4.173-1.346 6.42-2.703 6.741-2.938 0.695-7.531-1.568-13.777-6.788-6.3-5.447-9.932-10.21-10.896-14.289s-1.218-33.928-0.761-89.545c0.683-55.672-0.812-92.284-4.484-109.838-0.803-3.399-0.655-6.305 0.445-8.72 1.135-5.293 7-10.272 17.593-14.931 10.819-4.714 26.965-9.614 48.437-14.696 21.698-5.136 38.918-8.017 51.659-8.639 12.967-0.677 19.932 1.024 20.896 5.102 0.643 2.72-0.823 5.1-4.398 7.142s-6.751 3.751-9.528 5.126c-2.831 1.15-6.54 2.625-11.126 4.429-4.639 1.577-8.94 3.074-12.901 4.49-4.015 1.189-9.219 2.899-15.613 5.132-6.168 2.176-11.884 4.248-17.148 6.211-5.318 1.739-12.476 4.269-21.475 7.597-8.999 3.326-14.828 5.423-17.487 6.292 0.387 0.626 0.741 1.619 1.062 2.979 2.517 10.65 3.895 36.163 4.132 76.544 14.174-2.637 29.124-6.536 44.851-11.693 15.952-5.213 25.736-8.245 29.353-9.102 8.589-2.034 13.312-1.237 14.169 2.389 1.66 7.024-6.779 15.242-25.318 24.655-18.313 9.36-39.11 16.796-62.39 22.305z",
          "M257.044 588.985c-1.822-7.704-4.779-14.661-8.871-20.87-4.147-6.435-8.968-10.677-14.464-12.727-14.578 7.997-25.161 23.304-31.75 45.919-6.414 22.335-7.56 42.226-3.436 59.674 4.126 17.447 10.99 27.305 20.596 29.578 15.525-7.024 26.687-21.39 33.489-43.099 6.975-21.988 8.454-41.48 4.437-58.474zM168.601 613.152c3.733-19.547 10.589-36.484 20.568-50.808 10.151-14.606 21.895-23.487 35.231-26.644 13.56-3.21 26.228-0.108 38 9.309 11.719 9.188 19.535 22.053 23.444 38.595 3.856 16.315 3.866 34.018 0.026 53.112-3.895 18.865-11.508 35.623-22.845 50.269-11.162 14.368-24.541 23.396-40.137 27.089-11.528 2.727-22.392-0.323-32.594-9.153-10.202-8.832-17.232-21.404-21.088-37.719-3.91-16.54-4.112-34.558-0.605-54.049z",
          "M410.669 552.619c-1.822-7.704-4.779-14.659-8.871-20.87-4.147-6.435-8.968-10.677-14.466-12.725-14.576 7.997-25.161 23.302-31.748 45.917-6.416 22.335-7.56 42.226-3.436 59.674s10.99 27.307 20.596 29.58c15.523-7.026 26.687-21.392 33.489-43.101 6.975-21.988 8.454-41.48 4.437-58.474zM322.225 576.786c3.734-19.547 10.589-36.482 20.569-50.808 10.151-14.606 21.896-23.487 35.232-26.644 13.56-3.21 26.228-0.106 38 9.309 11.719 9.19 19.533 22.055 23.444 38.595 3.856 16.315 3.864 34.018 0.024 53.112-3.893 18.867-11.508 35.623-22.843 50.271-11.164 14.366-24.543 23.394-40.137 27.087-11.528 2.729-22.392-0.323-32.595-9.153s-17.231-21.404-21.088-37.717c-3.909-16.542-4.112-34.558-0.605-54.051z",
          "M570.858 353.195c3.616-0.855 8.826 1.501 15.632 7.068 6.979 5.287 11.164 10.876 12.556 16.768 1.392 5.89 2.53 23.328 3.415 52.309 0.831 28.755 0.998 58.742 0.502 89.964-0.634 70.016-3.549 105.639-8.747 106.87-3.165 0.748-7.123-0.349-11.876-3.291-4.58-3.222-7.219-6.307-7.914-9.251-0.697-2.946-1.3-9.025-1.806-18.237-16.794 27.902-33.441 43.806-49.94 47.712-9.947 2.353-20.059-0.037-30.338-7.176-10.053-7.19-16.23-15.657-18.534-25.401-3.32-14.048-3.527-31.584-0.622-52.61 3.080-21.307 9.864-41.574 20.354-60.806 10.49-19.233 23.759-30.748 39.806-34.546s29.513 3.182 40.393 20.945c0.173-50.765-2.469-90.216-7.928-118.355-1.607-6.798 0.077-10.785 5.049-11.963zM573.013 528.906c-2.893-12.235-7.477-22.038-13.753-29.405-6.049-7.42-12.014-10.435-17.89-9.045-9.718 2.302-18.245 10.659-25.576 25.076-7.333 14.417-12.201 30.165-14.61 47.244-2.233 16.8-2.013 30.864 0.666 42.193 0.965 4.078 3.21 7.016 6.739 8.814 3.527 1.796 7.326 2.213 11.394 1.25 8.814-2.087 19.18-11.24 31.098-27.461 12.144-16.274 19.572-33.824 22.282-52.649l0.053-4.319-0.402-1.699z",
          "M789.453 508.536c4.391 18.582-0.276 36.194-14.001 52.844-13.779 16.421-31.52 27.199-53.216 32.335-21.472 5.085-40.527 3.732-57.165-4.053-16.693-8.013-26.216-17.004-28.574-26.975-1.607-6.798-0.376-10.677 3.692-11.64 3.617-0.857 12.022 2.897 25.216 11.258 4.978 2.889 11.26 5.23 18.846 7.024 7.81 1.741 15.557 1.701 23.241-0.118 15.823-3.745 28.871-11.142 39.148-22.187 10.504-11.101 14.629-21.408 12.381-30.925-1.445-6.118-7.363-12.971-17.749-20.563-10.388-7.591-21.543-14.401-33.471-20.431-11.754-6.309-22.851-13.373-33.29-21.191-10.441-7.816-16.331-14.557-17.67-20.222s-1.629-11.937-0.866-18.816c0.76-6.88 2.148-12.113 4.163-15.701 6.512-11.831 18.072-24.017 34.676-36.561 16.833-12.599 31.577-20.395 44.235-23.392 6.554-1.552 12.601-0.709 18.139 2.527 5.537 3.233 8.869 7.231 9.994 11.989 0.536 2.267-1.408 4.641-5.833 7.125s-11.231 6.008-20.413 10.575c-9.011 4.285-16.898 8.785-23.66 13.495-23.637 16.124-34.355 28.83-32.16 38.12 1.178 4.984 17.694 15.789 49.548 32.416 12.26 6.43 23.851 14.572 34.775 24.428 11.095 9.576 17.766 19.123 20.015 28.639z",
          "M867.334 525.633c1.016 4.305 4.011 5.868 8.984 4.693 8.59-2.034 18.424-6.875 29.505-14.521 11.252-7.928 17.558-12.052 18.912-12.373 4.068-0.963 6.613 0.707 7.629 5.012 1.554 6.571-3.432 15.768-14.958 27.589-11.299 11.766-22.487 18.96-33.562 21.583-10.85 2.568-20.586 1.762-29.214-2.416-8.678-4.407-13.767-9.781-15.267-16.126-1.499-6.345-2.044-14.71-1.636-25.094 0.356-10.612 1.119-24.55 2.288-41.817 1.343-17.544 2.223-31.99 2.645-43.335-10.033 5.008-16.859 7.94-20.476 8.795-3.616 0.857-7.66-0.1-12.134-2.869-4.301-3.050-6.853-6.274-7.656-9.673-1.284-5.437 12.174-14.127 40.379-26.067-0.376-19.771-2.28-36.905-5.707-51.409-1.607-6.796-0.152-10.73 4.37-11.8 3.842-0.91 9.179 0.459 16.008 4.106 6.774 3.421 10.886 8.19 12.331 14.308 1.445 6.116 2.070 17.335 1.869 33.652 12.615-4.183 22.766-7.184 30.45-9.001 13.562-3.212 21.039-1.871 22.432 4.021 0.803 3.399-2.257 7.113-9.181 11.146-6.695 3.978-21.236 11.128-43.616 21.451-0.516 19.023-1.658 40.948-3.428 65.772-1.822 24.596-2.144 39.389-0.965 44.373z",
          "M1018.839 347.644c10.171-2.406 20.783 0.585 31.837 8.974 10.998 8.164 17.489 16.437 19.472 24.822 1.928 8.157 1.085 17.209-2.53 27.158 3.515 2.755 5.567 5.38 6.156 7.873 1.501 6.345 2.603 17.568 3.306 33.672 0.929 16.049 1.619 26.535 2.066 31.453 0.672 4.866 1.13 8.824 1.375 11.878 0.191 2.826 0.268 5.677 0.234 8.558 0.433 5.878-0.931 9.192-4.094 9.941-4.068 0.963-8.29-1.747-12.662-8.129-4.2-6.662-7.865-15.604-10.996-26.827-14.064 30.368-29.684 47.583-46.862 51.649-10.398 2.462-21.725 0.477-33.985-5.953-12.087-6.709-19.257-14.822-21.506-24.338-3.214-13.596-2.206-31.541 3.027-53.835 5.177-22.52 13.83-43.471 25.956-62.85 12.125-19.379 25.194-30.728 39.207-34.046zM1048.576 403.773c-4.982-21.073-11.654-30.62-20.017-28.64-8.814 2.087-17.599 10.866-26.352 26.336-8.808 15.246-15.405 31.76-19.793 49.548s-5.482 31.327-3.287 40.615c0.91 3.852 3.241 6.65 6.997 8.393 3.698 1.518 7.696 1.768 11.991 0.752 10.624-2.515 20.915-12.489 30.876-29.92 9.907-17.658 15.023-37.411 15.348-59.262-0.126-3.56 1.313-6.053 4.317-7.483l-0.079-0.339z",
          "M984.285 639.139c-9.691 2.399-17.331 9.785-20.529 19.265-60.985 180.787-231.806 311.018-433.111 311.018-122.075 0-232.938-47.892-314.898-125.907-7.221-6.875-17.382-9.824-27.048-7.432-20.442 5.061-28.175 29.899-13.005 44.542 91.978 88.775 217.095 143.374 354.951 143.374 226.485 0 418.588-147.371 485.837-351.549 6.597-20.031-11.774-38.367-32.197-33.312z",
          "M59.732 452.805c11.047-2.733 19.244-11.961 21.284-23.186 38.756-213.252 225.257-375.041 449.629-375.041 145.885 0 275.759 68.395 359.424 174.861 7.020 8.934 18.521 13.233 29.535 10.508 18.676-4.624 27.114-26.39 15.307-41.616-93.564-120.673-239.856-198.331-404.265-198.331-252.207 0-461.779 182.749-503.785 423.184-3.312 18.958 14.238 34.235 32.872 29.621z",
          "M1299.692 170.607c-120.869 231.715-173.93 78.879-344.076 168.658 17.016-268.978 197.22-105.316 344.076-168.658z"
        ],
        "attrs": [
          {
            "fill": "rgb(255, 229, 80)"
          },
          {
            "fill": "rgb(44, 44, 44)"
          },
          {
            "fill": "rgb(44, 44, 44)"
          },
          {
            "fill": "rgb(44, 44, 44)"
          },
          {
            "fill": "rgb(44, 44, 44)"
          },
          {
            "fill": "rgb(44, 44, 44)"
          },
          {
            "fill": "rgb(44, 44, 44)"
          },
          {
            "fill": "rgb(44, 44, 44)"
          },
          {
            "fill": "rgb(187, 243, 48)"
          },
          {
            "fill": "rgb(187, 243, 48)"
          },
          {
            "fill": "rgb(187, 243, 48)"
          }
        ],
        "width": 1300,
        "isMulticolor": true,
        "isMulticolor2": false,
        "grid": 0,
        "tags": [
          "logo"
        ],
        "colorPermutations": {
          "1261771118724348125522980125525525514444441": [
            {
              "f": 3
            },
            {
              "f": 0
            },
            {
              "f": 0
            },
            {
              "f": 0
            },
            {
              "f": 0
            },
            {
              "f": 0
            },
            {
              "f": 0
            },
            {
              "f": 0
            },
            {
              "f": 2
            },
            {
              "f": 2
            },
            {
              "f": 2
            }
          ]
        }
      },
      "attrs": [
        {
          "fill": "rgb(255, 229, 80)"
        },
        {
          "fill": "rgb(44, 44, 44)"
        },
        {
          "fill": "rgb(44, 44, 44)"
        },
        {
          "fill": "rgb(44, 44, 44)"
        },
        {
          "fill": "rgb(44, 44, 44)"
        },
        {
          "fill": "rgb(44, 44, 44)"
        },
        {
          "fill": "rgb(44, 44, 44)"
        },
        {
          "fill": "rgb(44, 44, 44)"
        },
        {
          "fill": "rgb(187, 243, 48)"
        },
        {
          "fill": "rgb(187, 243, 48)"
        },
        {
          "fill": "rgb(187, 243, 48)"
        }
      ],
      "properties": {
        "order": 4,
        "id": 4,
        "name": "logo",
        "prevSize": 32
      },
      "setIdx": 3,
      "setId": 0,
      "iconIdx": 2
    },
    {
      "icon": {
        "paths": [
          "M18.944 113.78c0-17.603 6.993-34.484 19.439-46.931s29.329-19.439 46.931-19.439h1194.668c17.601 0 34.48 6.993 46.928 19.439s19.439 29.328 19.439 46.931c0 17.603-6.992 34.484-19.439 46.931s-29.326 19.44-46.928 19.44h-1194.668c-17.602 0-34.484-6.993-46.931-19.44s-19.439-29.328-19.439-46.931zM18.944 514.126c0-17.603 6.993-34.484 19.439-46.93s29.329-19.44 46.931-19.44h1194.668c17.601 0 34.48 6.992 46.928 19.44s19.439 29.328 19.439 46.93c0 17.603-6.992 34.484-19.439 46.931-12.447 12.446-29.326 19.437-46.928 19.437h-1194.668c-17.602 0-34.484-6.992-46.931-19.437-12.447-12.447-19.439-29.328-19.439-46.931zM85.315 848.1c-17.602 0-34.484 6.997-46.931 19.439-12.447 12.447-19.439 29.332-19.439 46.933s6.993 34.486 19.439 46.933c12.447 12.447 29.329 19.439 46.931 19.439h1194.668c17.601 0 34.48-6.992 46.928-19.439s19.439-29.332 19.439-46.933c0-17.601-6.992-34.486-19.439-46.933-12.447-12.442-29.326-19.439-46.928-19.439h-1194.668z"
        ],
        "attrs": [
          {
            "fill": "rgb(126, 177, 1)"
          }
        ],
        "width": 1365,
        "isMulticolor": false,
        "isMulticolor2": false,
        "grid": 0,
        "tags": [
          "menu_23px"
        ],
        "colorPermutations": {
          "1261771118724348125522980125525525514444441": [
            {
              "f": 1
            }
          ]
        }
      },
      "attrs": [
        {
          "fill": "rgb(126, 177, 1)"
        }
      ],
      "properties": {
        "order": 5,
        "id": 3,
        "name": "menu_23px",
        "prevSize": 32
      },
      "setIdx": 3,
      "setId": 0,
      "iconIdx": 3
    },
    {
      "icon": {
        "paths": [
          "M85.322 256.001c0-11.316 4.495-22.168 12.497-30.17s18.854-12.497 30.17-12.497h768.001c11.315 0 22.166 4.495 30.168 12.497s12.496 18.854 12.496 30.17c0 11.316-4.495 22.169-12.496 30.17s-18.853 12.497-30.168 12.497h-768.001c-11.316 0-22.168-4.495-30.17-12.497s-12.497-18.854-12.497-30.17v0zM85.322 513.368c0-11.315 4.495-22.17 12.497-30.171s18.854-12.496 30.17-12.496h768.001c11.315 0 22.166 4.495 30.168 12.496s12.496 18.856 12.496 30.171c0 11.315-4.495 22.166-12.496 30.168s-18.853 12.496-30.168 12.496h-768.001c-11.316 0-22.168-4.495-30.17-12.496s-12.497-18.853-12.497-30.168v0zM127.988 728.064c-11.316 0-22.168 4.498-30.17 12.496-8.002 8.002-12.497 18.856-12.497 30.171s4.495 22.17 12.497 30.171c8.001 8.002 18.854 12.496 30.17 12.496h768.001c11.315 0 22.166-4.495 30.168-12.496s12.496-18.856 12.496-30.171c0-11.315-4.495-22.17-12.496-30.171-8.002-7.998-18.853-12.496-30.168-12.496h-768.001z"
        ],
        "attrs": [
          {
            "fill": "rgb(126, 177, 1)"
          }
        ],
        "isMulticolor": false,
        "isMulticolor2": false,
        "grid": 0,
        "tags": [
          "menu_28px"
        ],
        "colorPermutations": {
          "1261771118724348125522980125525525514444441": [
            {
              "f": 1
            }
          ]
        }
      },
      "attrs": [
        {
          "fill": "rgb(126, 177, 1)"
        }
      ],
      "properties": {
        "order": 6,
        "id": 2,
        "name": "menu_28px",
        "prevSize": 32
      },
      "setIdx": 3,
      "setId": 0,
      "iconIdx": 4
    },
    {
      "icon": {
        "paths": [
          "M496.010 42.666c64.71 0 120 22.578 165.866 67.733s68.8 100.089 68.8 164.8c0 36.978-8 71.821-24 104.532-16 32.714-38.579 60.445-67.734 83.2h-36.266v-53.331c20.621-16.355 36.445-36.269 47.466-59.734 11.024-23.466 16.534-48.355 16.534-74.666 0-46.933-16.71-86.756-50.134-119.467-33.421-32.711-73.6-49.067-120.531-49.067-46.934 0-87.114 16.356-120.534 49.067-33.424 32.711-50.134 72.533-50.134 119.467 0 26.311 5.51 51.201 16.534 74.666 11.021 23.466 26.845 43.379 47.466 59.734v76.8c-39.821-20.624-71.11-49.779-93.866-87.469-22.756-37.686-34.133-78.932-34.133-123.732 0-64.711 22.933-119.644 68.799-164.8 45.869-45.156 101.155-67.733 165.869-67.733zM455.475 938.666c-12.090 0-23.466-2.31-34.134-6.934-10.666-4.621-19.91-10.842-27.731-18.666l-219.735-219.734 59.733-61.866c9.956-9.955 21.156-17.6 33.6-22.934 12.444-5.331 25.422-6.221 38.933-2.666l83.199 19.2v-347.733c0-29.867 10.31-55.111 30.934-75.733 20.621-20.622 45.866-30.933 75.734-30.933 29.866 0 55.11 10.311 75.731 30.933 20.624 20.622 30.934 45.867 30.934 75.733v183.467h27.734c3.555 0 6.755 0.71 9.6 2.131 2.842 1.424 6.042 2.845 9.6 4.269l157.866 76.8c17.066 7.821 29.69 20.445 37.866 37.866 8.179 17.424 10.49 35.379 6.934 53.866l-38.4 232.534c-3.555 20.624-13.51 37.51-29.866 50.666-16.358 13.158-34.845 19.734-55.469 19.734h-273.066zM446.941 874.666h299.734l45.866-265.6-195.2-97.066h-58.666v-234.667c0-12.8-3.91-23.111-11.734-30.933-7.821-7.822-18.131-11.733-30.931-11.733s-23.114 3.911-30.934 11.733c-7.824 7.822-11.734 18.133-11.734 30.933v425.598l-164.266-35.2-24.533 24.534 182.399 182.4zM746.675 874.666v0z"
        ],
        "attrs": [
          {
            "fill": "rgb(126, 177, 1)"
          }
        ],
        "isMulticolor": false,
        "isMulticolor2": false,
        "grid": 0,
        "tags": [
          "order_32px"
        ],
        "colorPermutations": {
          "1261771118724348125522980125525525514444441": [
            {
              "f": 1
            }
          ]
        }
      },
      "attrs": [
        {
          "fill": "rgb(126, 177, 1)"
        }
      ],
      "properties": {
        "order": 7,
        "id": 1,
        "name": "order_32px",
        "prevSize": 32
      },
      "setIdx": 3,
      "setId": 0,
      "iconIdx": 5
    },
    {
      "icon": {
        "paths": [
          "M1024 512c0 282.77-229.23 512-512 512s-512-229.23-512-512c0-282.77 229.23-512 512-512s512 229.23 512 512z",
          "M501.34 199.111c43.14 0 80 15.053 110.577 45.156s45.867 66.726 45.867 109.867c0 24.651-5.333 47.881-16 69.687-10.667 21.809-25.719 40.297-45.156 55.467h-24.177v-35.554c13.747-10.903 24.297-24.179 31.644-39.823 7.349-15.644 11.023-32.237 11.023-49.777 0-31.29-11.14-57.837-33.423-79.646-22.281-21.807-49.067-32.71-80.354-32.71-31.29 0-58.076 10.903-80.356 32.71-22.283 21.809-33.423 48.356-33.423 79.646 0 17.54 3.674 34.133 11.023 49.777 7.347 15.644 17.897 28.919 31.644 39.823v51.2c-26.547-13.749-47.407-33.186-62.577-58.313-15.17-25.124-22.756-52.621-22.756-82.487 0-43.14 15.29-79.763 45.867-109.867 30.579-30.103 67.437-45.156 110.579-45.156zM474.317 796.444c-8.060 0-15.644-1.54-22.756-4.623-7.11-3.081-13.274-7.228-18.487-12.444l-146.49-146.49 39.823-41.244c6.637-6.637 14.103-11.733 22.4-15.29 8.294-3.554 16.947-4.147 25.954-1.777l55.467 12.8v-231.823c0-19.91 6.874-36.74 20.623-50.487 13.747-13.749 30.577-20.623 50.49-20.623 19.91 0 36.74 6.874 50.487 20.623 13.749 13.747 20.623 30.577 20.623 50.487v122.313h18.49c2.37 0 4.503 0.474 6.4 1.421 1.894 0.949 4.028 1.897 6.4 2.846l105.244 51.2c11.377 5.214 19.793 13.63 25.244 25.244 5.453 11.616 6.993 23.586 4.623 35.91l-25.6 155.023c-2.37 13.749-9.007 25.007-19.91 33.777-10.906 8.772-23.23 13.156-36.979 13.156h-182.044zM468.627 753.777h199.823l30.577-177.067-130.133-64.71h-39.11v-156.446c0-8.533-2.607-15.407-7.823-20.621-5.214-5.216-12.087-7.823-20.621-7.823s-15.409 2.607-20.623 7.823c-5.216 5.214-7.823 12.087-7.823 20.621v283.733l-109.51-23.467-16.356 16.356 121.6 121.6zM668.45 753.777v0z"
        ],
        "attrs": [
          {
            "fill": "rgb(255, 255, 255)"
          },
          {
            "fill": "rgb(126, 177, 1)"
          }
        ],
        "isMulticolor": true,
        "isMulticolor2": false,
        "grid": 0,
        "tags": [
          "order_48px"
        ],
        "colorPermutations": {
          "1261771118724348125522980125525525514444441": [
            {
              "f": 4
            },
            {
              "f": 1
            }
          ]
        }
      },
      "attrs": [
        {
          "fill": "rgb(255, 255, 255)"
        },
        {
          "fill": "rgb(126, 177, 1)"
        }
      ],
      "properties": {
        "order": 8,
        "id": 0,
        "name": "order_48px",
        "prevSize": 32
      },
      "setIdx": 3,
      "setId": 0,
      "iconIdx": 6
    }
  ],
  "height": 1024,
  "preferences": {
    "showGlyphs": true,
    "showCodes": true,
    "showQuickUse": true,
    "showQuickUse2": false,
    "showSVGs": true,
    "fontPref": {
      "prefix": "icon-",
      "metadata": {},
      "metrics": {
        "emSize": 1024,
        "baseline": 6.25,
        "whitespace": 50
      }
    },
    "imagePref": {
      "prefix": "icon-",
      "png": false,
      "useClassSelector": true,
      "color": 0,
      "bgColor": 16777215,
      "name": "icomoon",
      "classSelector": ".icon",
      "height": 32,
      "columns": 16,
      "margin": 16
    },
    "historySize": 50
  }
}